<?xml version="1.0" encoding="utf-8"?>
<browserconfig>
    <msapplication>
        <tile>
            <square70x70logo src="assets/favicons/mstile-70x70.png"/>
            <square150x150logo src="assets/favicons/mstile-150x150.png"/>
            <square310x150logo src="assets/favicons/mstile-310x150.png"/>
            <square310x310logo src="assets/favicons/mstile-310x310.png"/>
            <wide310x150logo src="assets/favicons/mstile-310x150.png"/>
            <TileColor>#bd93f9</TileColor>
        </tile>
        <notification>
            <polling-uri src="https://www.discomerhgsas.com.co/notifications/polling/?id=1"/>
            <polling-uri2 src="https://www.discomerhgsas.com.co/notifications/polling/?id=2"/>
            <polling-uri3 src="https://www.discomerhgsas.com.co/notifications/polling/?id=3"/>
            <polling-uri4 src="https://www.discomerhgsas.com.co/notifications/polling/?id=4"/>
            <polling-uri5 src="https://www.discomerhgsas.com.co/notifications/polling/?id=5"/>
            <frequency>30</frequency>
            <cycle>1</cycle>
        </notification>
    </msapplication>
</browserconfig>